{"cameraMode":{"drawMode":0,"name":"Shaded","section":"Shading Mode"},"sceneLighting":true,"audioPlay":false,"sceneViewState":{"showFog":true,"showMaterialUpdate":false,"showSkybox":true,"showFlares":true,"showImageEffects":true,"showParticleSystems":true},"in2DMode":false,"pivot":{"x":-2.6096856594085695,"y":-0.9855923652648926,"z":-0.019277166575193406},"rotation":{"x":-0.23306027054786683,"y":0.5000737309455872,"z":-0.14180497825145722,"w":-0.8219030499458313},"size":2.9505109786987306,"orthographic":false}